"overnight_category"	"fuel_1_general"	"year"	"capacity_mw"	"n"	"avg_size_mw"	"avg_age"	"heat_rate"	"capacity.factor.avg"	"efficiency"	"pred.heat.rate"	"fuel.price"	"adj.fuel.price"
"biomass"	"biomass"	1990	0	NA	NA	NA	15400.6315789474	0.362691989975603	NA	17257.4879929463	NA	NA
"biomass"	"biomass"	1991	0	NA	NA	NA	15716.0526315789	0.348775494303393	NA	17409.3539713076	NA	NA
"biomass"	"biomass"	1992	0	NA	NA	NA	15709.4210526316	0.365340598331509	NA	17556.8227743049	NA	NA
"biomass"	"biomass"	1993	0	NA	NA	NA	15771.6666666667	0.269253769956623	NA	17699.8944019382	NA	NA
"biomass"	"biomass"	1994	32	1	32	0	15091.5454545455	0.34853293786964	NA	17838.5688542075	NA	NA
"biomass"	"biomass"	1995	0	NA	NA	NA	15190.5	0.294485074372584	NA	17972.8461311128	NA	NA
"biomass"	"biomass"	1996	0	NA	NA	NA	NA	0.188687691510454	NA	18102.7262326541	NA	NA
"biomass"	"biomass"	1997	3	1	3	0	NA	0.383809577084068	NA	18228.2091588313	NA	NA
"biomass"	"biomass"	1998	0	NA	NA	NA	NA	0.38709487488663	NA	18349.2949096446	NA	NA
"biomass"	"biomass"	1999	8.4	4	2.1	0	NA	0.386013876873552	NA	18465.9834850939	NA	NA
"biomass"	"biomass"	2000	0	NA	NA	NA	NA	NA	NA	18578.2748851791	NA	NA
"biomass"	"biomass"	2001	6.5	1	6.5	0	23016.3381384846	0.527155092963605	NA	18686.1691099004	NA	NA
"biomass"	"biomass"	2002	4.7	1	4.7	0	21169.2500695338	0.492037362751257	NA	18789.6661592576	NA	NA
"biomass"	"biomass"	2003	19.4	3	6.46666666666667	0	21549.6773437713	0.48139420588665	NA	18888.7660332509	NA	NA
"biomass"	"biomass"	2004	32.45	3	10.8166666666667	0	19805.5555569399	0.501548199489076	NA	18983.4687318801	NA	NA
"biomass"	"biomass"	2005	0	NA	NA	NA	20175.3597035588	0.544143473977125	NA	19073.7742551454	NA	NA
"biomass"	"biomass"	2006	18.6	1	18.6	0	20682.0612858018	0.523707801210035	NA	19159.6826030466	NA	NA
"biomass"	"biomass"	2007	134.9	5	26.98	0	20607.3534568315	0.513585893872666	NA	19241.1937755838	NA	NA
"biomass"	"biomass"	2008	47	3	15.6666666666667	0	20142.8163583257	0.523528316904311	NA	19318.307772757	NA	NA
"biomass"	"biomass"	2009	66.5	4	16.625	0	19232.458323424	0.49049878295583	NA	19391.0245945662	NA	NA
"biomass"	"biomass"	2010	17	1	17	0	19265.2955152822	0.497811977727955	NA	19459.3442410114	NA	NA
"biomass"	"biomass"	2011	109	4	27.25	0	19569.4690280743	0.484010230430113	NA	19523.2667120926	NA	NA
"biomass"	"biomass"	2012	140.6	4	35.15	0	20786.6699016334	0.48734225398921	NA	19582.7920078098	NA	NA
"biomass"	"biomass"	2013	556.2	15	37.08	0	20634.8283319523	0.4760897822323	NA	19637.920128163	NA	NA
"biomass"	"biomass"	2014	46.5	1	46.5	0	21345.9471405829	0.504652882669987	NA	19688.6510731522	NA	NA
"biomass"	"biomass"	2050	NA	NA	NA	NA	11006.4516129032	NA	0.31	18586.4463003352	NA	NA
"biomass"	"biomass"	2100	NA	NA	NA	NA	9477.77777777778	NA	0.36	7601.6793054777	NA	NA
"coal"	"coal"	1990	855	2	427.5	0	11050.3536184211	0.473327325607126	NA	10770.6837410734	NA	NA
"coal"	"coal"	1991	792	2	396	0	11057.7354627355	0.463236414982425	NA	11085.7964988753	1.447	16.0411475338725
"coal"	"coal"	1992	524	2	262	0	10968.6702838063	0.465209550428521	NA	11394.0964405384	1.412	16.0884641740402
"coal"	"coal"	1993	0	NA	NA	NA	11125.024	0.486985019733605	NA	11695.5835660628	1.385	16.1983832389969
"coal"	"coal"	1994	0	NA	NA	NA	10983.5467565291	0.489791601800322	NA	11990.2578754484	1.355	16.2467994212326
"coal"	"coal"	1995	1036	3	345.333333333333	0	10975.9085365854	0.489923530305502	NA	12278.1193686953	1.318	16.1825613279404
"coal"	"coal"	1996	1270.5	4	317.625	0	NA	0.566774336109826	NA	12559.1680458034	1.29	16.2013267790864
"coal"	"coal"	1997	0	NA	NA	NA	NA	0.53009724744343	NA	12833.4039067728	1.27	16.2984229616014
"coal"	"coal"	1998	0	NA	NA	NA	NA	0.54461233937281	NA	13100.8269516034	1.25	16.3760336895043
"coal"	"coal"	1999	55	1	55	0	NA	0.539784507567682	NA	13361.4371802953	1.22	16.3009533599602
"coal"	"coal"	2000	16.35	1	16.35	0	NA	NA	NA	13615.2345928484	1.2	16.3382815114181
"coal"	"coal"	2001	0	NA	NA	NA	12431.0301110099	0.565349452415637	NA	13862.2191892627	1.23	17.0505296027932
"coal"	"coal"	2002	9.77	1	9.77	0	12427.2789543923	0.572140502689639	NA	14102.3909695383	1.22	17.2049169828368
"coal"	"coal"	2003	70	1	70	0	12693.3799637321	0.579028242109153	NA	14335.7499336752	1.26	18.0630449164307
"coal"	"coal"	2004	553	4	138.25	0	12836.9735481071	0.587117191301759	NA	14562.2960816733	1.34	19.5134767494422
"coal"	"coal"	2005	414.52	4	103.63	0	12467.4280783086	0.600125807957992	NA	14782.0294135326	1.53	22.6165050027049
"coal"	"coal"	2006	542.1	5	108.42	0	12740.4130251079	0.586280999893635	NA	14994.9499292532	1.69	25.3414653804379
"coal"	"coal"	2007	1472.2	4	368.05	0	12678.4557687276	0.6041355544426	NA	15201.0576288351	1.78	27.0578825793264
"coal"	"coal"	2008	1481.8	5	296.36	0	14274.9815081883	0.583755325820745	NA	15400.3525122781	2.05	31.5707226501702
"coal"	"coal"	2009	1792.9	13	137.915384615385	0	13770.9446790611	0.491855979904501	NA	15592.8345795825	2.22	34.6160927666731
"coal"	"coal"	2010	5761	10	576.1	0	16351.9244864935	0.535063417233648	NA	15778.503830748	2.27	35.817203695798
"coal"	"coal"	2011	3801.7	8	475.2125	0	17737.670684561	0.499249484933957	NA	15957.3602657749	2.4	38.2976646378597
"coal"	"coal"	2012	3977.2	8	497.15	0	22444.6456688899	0.443967976842712	NA	16129.4038846629	2.43	39.1944514397309
"coal"	"coal"	2013	936.5	1	936.5	0	21873.3732353505	0.476968225907611	NA	16294.6346874122	2.38	38.7812305560411
"coal"	"coal"	2014	52	1	52	0	29708.2353913307	0.493787058150856	NA	16453.0526740228	2.39	39.3227958909145
"coal"	"coal"	2050	NA	NA	NA	NA	7582.22222222222	NA	0.45	17618.7646435929	NA	NA
"coal"	"coal"	2100	NA	NA	NA	NA	6690.19607843137	NA	0.51	4590.25434745285	NA	NA
"conventional combined cycle"	"natural gas"	1990	149.52	2	74.76	0	11462.7058823529	0.26436863257653	NA	11463.0885651706	NA	NA
"conventional combined cycle"	"natural gas"	1991	109	1	109	0	11473.6516853933	0.25280864625669	NA	11338.211712346	2.153	24.411169816681
"conventional combined cycle"	"natural gas"	1992	386.8	4	96.7	0	11396.0106382979	0.233451436271703	NA	11214.6236072682	2.328	26.1076437577205
"conventional combined cycle"	"natural gas"	1993	264	2	132	0	11119.6666666667	0.255199308487249	NA	11092.3242499373	2.56	28.3963500798395
"conventional combined cycle"	"natural gas"	1994	1720.7	11	156.427272727273	0	10842.3703703704	0.261502279151203	NA	10971.3136403532	2.23	24.4660294179877
"conventional combined cycle"	"natural gas"	1995	900.442	11	81.8583636363636	0	10665.762962963	0.265683138369506	NA	10851.591778516	1.984	21.5295580885758
"conventional combined cycle"	"natural gas"	1996	147	1	147	0	NA	0.339244841984577	NA	10733.1586644257	2.64	28.3355388740838
"conventional combined cycle"	"natural gas"	1997	538.65	4	134.6625	0	NA	0.229430294244729	NA	10616.0142980822	2.76	29.3001994627067
"conventional combined cycle"	"natural gas"	1998	0	NA	NA	NA	NA	0.277019367544087	NA	10500.1586794855	2.38	24.9903776571755
"conventional combined cycle"	"natural gas"	1999	1079.5	7	154.214285714286	0	NA	0.323780005793878	NA	10385.5918086357	2.57	26.6909709481937
"conventional combined cycle"	"natural gas"	2000	1657.68	14	118.405714285714	0	NA	NA	NA	10272.3136855327	4.3	44.1709488477907
"conventional combined cycle"	"natural gas"	2001	11871.06	72	164.875833333333	0	9780.17842563206	0.495935169675195	NA	10160.3243101766	4.49	45.6198561526929
"conventional combined cycle"	"natural gas"	2002	35417.04	218	162.463486238532	0	10364.5651954596	0.453122485356665	NA	10049.6236825673	3.68	36.9826151518478
"conventional combined cycle"	"natural gas"	2003	36200.05	216	167.592824074074	0	9965.70222044676	0.359429588097343	NA	9940.21180270494	5.59	55.5657839771206
"conventional combined cycle"	"natural gas"	2004	17355	101	171.831683168317	0	9706.22366466499	0.367464848060446	NA	9832.08867058938	6.15	60.4673453241247
"conventional combined cycle"	"natural gas"	2005	11908.34	75	158.777866666667	0	9384.22992500083	0.375966464152102	NA	9725.25428622067	8.32	80.914115661356
"conventional combined cycle"	"natural gas"	2006	7359.06	41	179.489268292683	0	9248.74273748321	0.380587057276687	NA	9619.70864959882	7.36	70.8010556610473
"conventional combined cycle"	"natural gas"	2007	4116.5	21	196.02380952381	0	9213.6917325147	0.403257132722527	NA	9515.45176072382	7.47	71.0804246526069
"conventional combined cycle"	"natural gas"	2008	4526.1	23	196.786956521739	0	9520.88251685608	0.390357083317004	NA	9412.48361959567	9.22	86.7830989726721
"conventional combined cycle"	"natural gas"	2009	6775.9	29	233.651724137931	0	9326.99475517365	0.394969244990999	NA	9310.80422621437	5.5	51.209423244179
"conventional combined cycle"	"natural gas"	2010	4612.5	35	131.785714285714	0	9416.36870818979	0.406706273513538	NA	9210.41358057992	5.43	50.012545742549
"conventional combined cycle"	"natural gas"	2011	7921.9	51	155.33137254902	0	9426.30784288672	0.399807772471719	NA	9111.31168269233	5	45.5565584134616
"conventional combined cycle"	"natural gas"	2012	6901.8	51	135.329411764706	0	9431.61608307682	0.462313546503583	NA	9013.49853255158	3.74	33.7104845117429
"conventional combined cycle"	"natural gas"	2013	2684.7	22	122.031818181818	0	9095.37582702591	0.429617380624954	NA	8916.97413015769	4.49	40.037213844408
"conventional combined cycle"	"natural gas"	2014	6309.1	33	191.184848484848	0	8945.04080874365	0.428619728852462	NA	8821.73847551064	5.17	45.60838791839
"conventional combined cycle"	"natural gas"	2050	NA	NA	NA	NA	5985.9649122807	NA	0.57	6251.56090762009	NA	NA
"conventional combined cycle"	"natural gas"	2100	NA	NA	NA	NA	5503.22580645161	NA	0.62	5452.67749683581	NA	NA
"conventional combined cycle"	"oil"	1990	0	NA	NA	NA	12997.1111111111	0.112386766605277	NA	13972.0126189727	NA	NA
"conventional combined cycle"	"oil"	1991	0	NA	NA	NA	13347	0.0972282035398737	NA	13775.4485504655	2.548	35.0998429065861
"conventional combined cycle"	"oil"	1992	20	1	20	0	13409.5263157895	0.161207629874161	NA	13581.0397806975	2.551	34.6452324805593
"conventional combined cycle"	"oil"	1993	0	NA	NA	NA	14220.6875	0.129528159037869	NA	13388.7863096687	2.433	32.5749170914239
"conventional combined cycle"	"oil"	1994	0	NA	NA	NA	13416.1666666667	0.164722682141131	NA	13198.6881373791	2.488	32.8383360857992
"conventional combined cycle"	"oil"	1995	0	NA	NA	NA	13685.9565217391	0.171335171005623	NA	13010.7452638287	2.679	34.8557865617972
"conventional combined cycle"	"oil"	1996	0	NA	NA	NA	NA	0.0841988381707773	NA	12824.9576890176	3.16	40.5268662972956
"conventional combined cycle"	"oil"	1997	0	NA	NA	NA	NA	0.230524812822423	NA	12641.3254129457	2.88	36.4070171892836
"conventional combined cycle"	"oil"	1998	20	1	20	0	NA	0.25587476629004	NA	12459.848435613	2.14	26.6640756522118
"conventional combined cycle"	"oil"	1999	0	NA	NA	NA	NA	0.245365820108219	NA	12280.5267570195	2.53	31.0697326952593
"conventional combined cycle"	"oil"	2000	21.2	1	21.2	0	NA	NA	NA	12103.3603771652	4.45	53.8599536783853
"conventional combined cycle"	"oil"	2001	490.14	3	163.38	0	NA	0.434515426517122	NA	11928.3492960502	3.92	46.7591292405167
"conventional combined cycle"	"oil"	2002	0	NA	NA	NA	NA	0.398777031547874	NA	11755.4935136744	3.74	43.9655457411421
"conventional combined cycle"	"oil"	2003	0	NA	NA	NA	NA	0.407859003728506	NA	11584.7930300378	4.68	54.2168313805767
"conventional combined cycle"	"oil"	2004	39.6	2	19.8	0	NA	0.372946930778022	NA	11416.2478451404	4.8	54.7979896566738
"conventional combined cycle"	"oil"	2005	0	NA	NA	NA	NA	0.459982379492063	NA	11249.8579589822	7.17	80.6614815659024
"conventional combined cycle"	"oil"	2006	15	1	15	0	NA	0.437294387923076	NA	11085.6233715633	8.33	92.3432426851219
"conventional combined cycle"	"oil"	2007	0	NA	NA	NA	NA	0.44577269282193	NA	10923.5440828835	9.24	100.933547325844
"conventional combined cycle"	"oil"	2008	0	NA	NA	NA	NA	0.415454825356318	NA	10763.620092943	15.72	169.204107861064
"conventional combined cycle"	"oil"	2009	16	1	16	0	NA	0.387778691185123	NA	10605.8514017417	10.44	110.725088634184
"conventional combined cycle"	"oil"	2010	0	NA	NA	NA	NA	0.437498003193859	NA	10450.2380092797	13.94	145.676317849358
"conventional combined cycle"	"oil"	2011	0	NA	NA	NA	NA	0.348927201821504	NA	10296.7799155568	20.3	209.024632285803
"conventional combined cycle"	"oil"	2012	0	NA	NA	NA	NA	0.333836599175148	NA	10145.4771205732	22.11	224.316499135873
"conventional combined cycle"	"oil"	2013	0	NA	NA	NA	NA	0.324682587056297	NA	9996.32962432875	21.09	210.822591777093
"conventional combined cycle"	"oil"	2014	0	NA	NA	NA	NA	0.321933110015466	NA	9849.33742682355	19.9	196.001814793789
"conventional combined cycle"	"oil"	2050	NA	NA	NA	NA	5783.05084745763	NA	0.59	5993.04727695641	NA	NA
"conventional combined cycle"	"oil"	2100	NA	NA	NA	NA	5331.25	NA	0.64	5270.98102479534	NA	NA
"conventional combustion turbine"	"kerosene"	1990	0	NA	NA	NA	14961.298245614	0.146333359763424	NA	15636.9212864626	NA	NA
"conventional combustion turbine"	"kerosene"	1991	0	NA	NA	NA	14058.5	0.144576872196441	NA	15011.5857416488	NA	NA
"conventional combustion turbine"	"kerosene"	1992	0	NA	NA	NA	14152.8113207547	0.12683586945657	NA	14435.673873052	NA	NA
"conventional combustion turbine"	"kerosene"	1993	0	NA	NA	NA	14987.7222222222	0.0806634951409343	NA	13909.1856806722	NA	NA
"conventional combustion turbine"	"kerosene"	1994	0	NA	NA	NA	13906.4363636364	0.119634831286989	NA	13432.1211645093	NA	NA
"conventional combustion turbine"	"kerosene"	1995	0	NA	NA	NA	14448.1617647059	0.139061632334294	NA	13004.4803245634	NA	NA
"conventional combustion turbine"	"kerosene"	1996	0	NA	NA	NA	NA	0.270302054042103	NA	12626.2631608345	NA	NA
"conventional combustion turbine"	"kerosene"	1997	0	NA	NA	NA	NA	0.187136879504599	NA	12297.4696733226	NA	NA
"conventional combustion turbine"	"kerosene"	1998	0	NA	NA	NA	NA	0.183623742459464	NA	12018.0998620276	NA	NA
"conventional combustion turbine"	"kerosene"	1999	0	NA	NA	NA	NA	0.126202536413478	NA	11788.1537269495	NA	NA
"conventional combustion turbine"	"kerosene"	2000	0	NA	NA	NA	NA	NA	NA	11607.6312680885	NA	NA
"conventional combustion turbine"	"kerosene"	2001	0	NA	NA	NA	NA	0.157535372273716	NA	11476.5324854444	NA	NA
"conventional combustion turbine"	"kerosene"	2002	0	NA	NA	NA	NA	0.136774547689585	NA	11394.8573790172	NA	NA
"conventional combustion turbine"	"kerosene"	2003	53	1	53	0	NA	0.143387552664281	NA	11362.6059488071	NA	NA
"conventional combustion turbine"	"kerosene"	2004	0	NA	NA	NA	10739.205909202	0.179796148649878	NA	11379.7781948139	NA	NA
"conventional combustion turbine"	"kerosene"	2005	0	NA	NA	NA	10782.3989907875	0.175262918988582	NA	11446.3741170376	NA	NA
"conventional combustion turbine"	"kerosene"	2006	0	NA	NA	NA	11187.1443086783	0.17677865504125	NA	11562.3937154784	NA	NA
"conventional combustion turbine"	"kerosene"	2007	41	1	41	0	11417.7206618029	0.221418465987003	NA	11727.8369901361	NA	NA
"conventional combustion turbine"	"kerosene"	2008	41.1	7	5.87142857142857	0	11536.2771553205	0.19240182115354	NA	11942.7039410108	NA	NA
"conventional combustion turbine"	"kerosene"	2009	0	NA	NA	NA	11754.5405302334	0.162979740466474	NA	12206.9945681024	NA	NA
"conventional combustion turbine"	"kerosene"	2010	194	4	48.5	0	13442.6278676707	0.152016126730052	NA	12520.708871411	NA	NA
"conventional combustion turbine"	"kerosene"	2011	194	4	48.5	0	14190.5240172209	0.138060800105701	NA	12883.8468509366	NA	NA
"conventional combustion turbine"	"kerosene"	2012	143.6	3	47.8666666666667	0	13675.9025453032	0.0873574413934519	NA	13296.4085066791	NA	NA
"conventional combustion turbine"	"kerosene"	2013	0.8	1	0.8	0	12440.2201971214	0.0742206316858793	NA	13758.3938386386	NA	NA
"conventional combustion turbine"	"kerosene"	2014	2	4	0.5	0	14743.718411694	0.077343822919563	NA	14269.8028468151	NA	NA
"conventional combustion turbine"	"natural gas"	1990	494.148	12	41.179	0	13264.7477295661	0.0900469774482965	NA	13618.6299961248	NA	NA
"conventional combustion turbine"	"natural gas"	1991	717.843	10	71.7843	0	13010.844894027	0.0920218405593991	NA	13579.3250184866	2.153	29.2362867648018
"conventional combustion turbine"	"natural gas"	1992	976.82	20	48.841	0	12902.4509259259	0.0828695615848637	NA	13539.7480501907	2.328	31.5205334608439
"conventional combustion turbine"	"natural gas"	1993	452.191	10	45.2191	0	12873.618705036	0.105485753811003	NA	13499.8990912369	2.56	34.5597416735664
"conventional combustion turbine"	"natural gas"	1994	1933.335	31	62.3656451612903	0	12980.6186579378	0.0860701057005129	NA	13459.7781416252	2.23	30.0153052558242
"conventional combustion turbine"	"natural gas"	1995	1594.144	24	66.4226666666667	0	13025.5861003861	0.101422252023762	NA	13419.3852013556	1.984	26.6240602394896
"conventional combustion turbine"	"natural gas"	1996	1565.87	33	47.4506060606061	0	NA	0.155451024459145	NA	13378.7202704283	2.64	35.3198215139306
"conventional combustion turbine"	"natural gas"	1997	1248.7	13	96.0538461538462	0	NA	0.100072788308239	NA	13337.783348843	2.76	36.8122820428067
"conventional combustion turbine"	"natural gas"	1998	652.846	11	59.3496363636364	0	NA	0.113454325775039	NA	13296.5744365999	2.38	31.6458471591078
"conventional combustion turbine"	"natural gas"	1999	2151.772	30	71.7257333333333	0	NA	0.116261845321056	NA	13255.093533699	2.57	34.0655903816063
"conventional combustion turbine"	"natural gas"	2000	5024.312	61	82.3657704918033	0	NA	NA	NA	13213.3406401402	4.3	56.8173647526026
"conventional combustion turbine"	"natural gas"	2001	19516.01	325	60.0492615384615	0	13022.5369275849	0.280285134218455	NA	13171.3157559235	4.49	59.1392077440965
"conventional combustion turbine"	"natural gas"	2002	20889.2	336	62.1702380952381	0	13318.852377548	0.259164940680521	NA	13129.018881049	3.68	48.3147894822602
"conventional combustion turbine"	"natural gas"	2003	9377.45	146	64.2291095890411	0	13285.7285747786	0.228213184084544	NA	13086.4500155166	5.59	73.1532555867377
"conventional combustion turbine"	"natural gas"	2004	2727.28	52	52.4476923076923	0	15287.4088166564	0.235431910415308	NA	13043.6091593264	6.15	80.2181963298571
"conventional combustion turbine"	"natural gas"	2005	2865.27	55	52.0958181818182	0	13185.6755950598	0.237447937418268	NA	13000.4963124783	8.32	108.164129319819
"conventional combustion turbine"	"natural gas"	2006	1242.27	110	11.2933636363636	0	13356.5731501484	0.24150957556427	NA	12957.1114749723	7.36	95.3643404557964
"conventional combustion turbine"	"natural gas"	2007	2648.4	160	16.5525	0	13369.5211631036	0.238663545836864	NA	12913.4546468085	7.47	96.4635062116597
"conventional combustion turbine"	"natural gas"	2008	3262.6	199	16.3949748743719	0	13767.7942661754	0.248470731444034	NA	12869.5258279869	9.22	118.657028134039
"conventional combustion turbine"	"natural gas"	2009	2704.2	137	19.7386861313869	0	13230.7503183806	0.249438734907147	NA	12825.3250185074	5.5	70.5392876017905
"conventional combustion turbine"	"natural gas"	2010	2041.5	162	12.6018518518519	0	13002.4862180536	0.261499744277731	NA	12780.85221837	5.43	69.4000275457491
"conventional combustion turbine"	"natural gas"	2011	1851.8	127	14.5811023622047	0	12822.4805786174	0.260725365065032	NA	12736.1074275748	5	63.6805371378739
"conventional combustion turbine"	"natural gas"	2012	2443	137	17.8321167883212	0	12391.9986813712	0.278639661613883	NA	12691.0906461217	3.74	47.4646790164952
"conventional combustion turbine"	"natural gas"	2013	3637.4	133	27.3488721804511	0	12161.0705733327	0.284103222354424	NA	12645.8018740108	4.49	56.7796504143084
"conventional combustion turbine"	"natural gas"	2014	878.2	110	7.98363636363636	0	12647.0710585113	0.293065783969546	NA	12600.241111242	5.17	65.1432465451211
"conventional combustion turbine"	"natural gas"	2050	NA	NA	NA	NA	8978.94736842105	NA	0.38	10778.907873434	NA	NA
"conventional combustion turbine"	"natural gas"	2100	NA	NA	NA	NA	8123.80952380952	NA	0.42	7664.4984620894	NA	NA
"conventional combustion turbine"	"oil"	1990	427.365	34	12.5695588235294	0	12317.2148217636	0.0903522010915356	NA	12607.673364967	NA	NA
"conventional combustion turbine"	"oil"	1991	368.712	38	9.70294736842105	0	12478.2285714286	0.0906957128549861	NA	12605.7472776954	2.548	32.1194440635678
"conventional combustion turbine"	"oil"	1992	432.103	54	8.00190740740741	0	12043.4255992763	0.0861268124245838	NA	12602.9623108868	2.551	32.1501568550722
"conventional combustion turbine"	"oil"	1993	150.386	47	3.19970212765957	0	12112.6180594504	0.106792721097699	NA	12599.3184645412	2.433	30.6541418242288
"conventional combustion turbine"	"oil"	1994	82.126	25	3.28504	0	12148.9530129125	0.0921724285837488	NA	12594.8157386587	2.488	31.3359015577828
"conventional combustion turbine"	"oil"	1995	929.393	34	27.3350882352941	0	12059.8017209128	0.0880866091926279	NA	12589.4541332392	2.679	33.7271476229478
"conventional combustion turbine"	"oil"	1996	282.656	23	12.2893913043478	0	NA	0.12474499185929	NA	12583.2336482827	3.16	39.7630183285734
"conventional combustion turbine"	"oil"	1997	176.385	24	7.349375	0	NA	0.0915978468605875	NA	12576.1542837893	2.88	36.2193243373131
"conventional combustion turbine"	"oil"	1998	121.417	49	2.47789795918367	0	NA	0.0987875671283586	NA	12568.2160397589	2.14	26.895982325084
"conventional combustion turbine"	"oil"	1999	206.137	96	2.14726041666667	0	NA	0.0979246854078364	NA	12559.4189161915	2.53	31.7753298579645
"conventional combustion turbine"	"oil"	2000	381.984	154	2.48041558441558	0	NA	NA	NA	12549.7629130871	4.45	55.8464449632378
"conventional combustion turbine"	"oil"	2001	2270.42	129	17.6001550387597	0	14415.3926151233	0.111209469555233	NA	12539.2480304458	3.92	49.1538522793476
"conventional combustion turbine"	"oil"	2002	354.02	132	2.6819696969697	0	13454.6214017324	0.0897897135712953	NA	12527.8742682675	3.74	46.8542497633205
"conventional combustion turbine"	"oil"	2003	341.08	88	3.87590909090909	0	10682.9924863384	0.0821566217073623	NA	12515.6416265523	4.68	58.5732028122646
"conventional combustion turbine"	"oil"	2004	189.9	65	2.92153846153846	0	12338.2697273274	0.0753118755062675	NA	12502.5501053	4.8	60.0122405054401
"conventional combustion turbine"	"oil"	2005	125.03	58	2.15568965517241	0	12761.9176631181	0.078643404642553	NA	12488.5997045108	7.17	89.5432598813426
"conventional combustion turbine"	"oil"	2006	162	53	3.05660377358491	0	12609.4976639383	0.0733023381125873	NA	12473.7904241847	8.33	103.906674233458
"conventional combustion turbine"	"oil"	2007	88.6	47	1.88510638297872	0	12040.0308403164	0.0741236761497821	NA	12458.1222643215	9.24	115.113049722331
"conventional combustion turbine"	"oil"	2008	56.4	34	1.65882352941176	0	12346.6282381155	0.068400597519053	NA	12441.5952249214	15.72	195.581876935764
"conventional combustion turbine"	"oil"	2009	145.3	24	6.05416666666667	0	12010.8249649965	0.0615916141637504	NA	12424.2093059843	10.44	129.708745154476
"conventional combustion turbine"	"oil"	2010	94.7	48	1.97291666666667	0	12562.4790904355	0.0620286912250721	NA	12405.9645075103	13.94	172.939145234693
"conventional combustion turbine"	"oil"	2011	96.4	46	2.09565217391304	0	12690.75484785	0.0573748727699035	NA	12386.8608294992	20.3	251.453274838835
"conventional combustion turbine"	"oil"	2012	50.2	34	1.47647058823529	0	12308.2941104865	0.0550179740093843	NA	12366.8982719513	22.11	273.432120792842
"conventional combustion turbine"	"oil"	2013	60.7	26	2.33461538461538	0	14279.6555178746	0.0596737292910534	NA	12346.0768348663	21.09	260.37876044733
"conventional combustion turbine"	"oil"	2014	60	24	2.5	0	13855.6471390742	0.0528327231381019	NA	12324.3965182444	19.9	245.255490713063
"conventional combustion turbine"	"oil"	2050	NA	NA	NA	NA	8748.71794871795	NA	0.39	10971.8913482329	NA	NA
"conventional combustion turbine"	"oil"	2100	NA	NA	NA	NA	7754.54545454545	NA	0.44	7246.82094095383	NA	NA
"conventional combustion turbine"	"propane"	1990	0	NA	NA	NA	NA	NA	NA	-58796.7084754624	NA	NA
"conventional combustion turbine"	"propane"	1991	0	NA	NA	NA	NA	NA	NA	-52794.4744963121	NA	NA
"conventional combustion turbine"	"propane"	1992	0	NA	NA	NA	NA	NA	NA	-47064.6743910167	NA	NA
"conventional combustion turbine"	"propane"	1993	0	NA	NA	NA	NA	NA	NA	-41607.308159576	NA	NA
"conventional combustion turbine"	"propane"	1994	0	NA	NA	NA	NA	NA	NA	-36422.3758019901	NA	NA
"conventional combustion turbine"	"propane"	1995	0	NA	NA	NA	NA	NA	NA	-31509.877318259	NA	NA
"conventional combustion turbine"	"propane"	1996	0	NA	NA	NA	NA	NA	NA	-26869.8127083827	NA	NA
"conventional combustion turbine"	"propane"	1997	0	NA	NA	NA	NA	NA	NA	-22502.1819723611	NA	NA
"conventional combustion turbine"	"propane"	1998	0	NA	NA	NA	NA	NA	NA	-18406.9851101944	NA	NA
"conventional combustion turbine"	"propane"	1999	0	NA	NA	NA	NA	NA	NA	-14584.2221218824	NA	NA
"conventional combustion turbine"	"propane"	2000	0	NA	NA	NA	NA	NA	NA	-11033.8930074253	NA	NA
"conventional combustion turbine"	"propane"	2001	0	NA	NA	NA	NA	NA	NA	-7755.99776682289	NA	NA
"conventional combustion turbine"	"propane"	2002	0	NA	NA	NA	NA	NA	NA	-4750.5364000753	NA	NA
"conventional combustion turbine"	"propane"	2003	0	NA	NA	NA	NA	NA	NA	-2017.50890718252	NA	NA
"conventional combustion turbine"	"propane"	2004	0	NA	NA	NA	NA	NA	NA	443.084711855481	NA	NA
"conventional combustion turbine"	"propane"	2005	0	NA	NA	NA	NA	NA	NA	2631.2444570387	NA	NA
"conventional combustion turbine"	"propane"	2006	0	NA	NA	NA	NA	NA	NA	4546.97032836713	NA	NA
"conventional combustion turbine"	"propane"	2007	0	NA	NA	NA	NA	NA	NA	6190.26232584076	NA	NA
"conventional combustion turbine"	"propane"	2008	0	NA	NA	NA	NA	NA	NA	7561.12044945959	NA	NA
"conventional combustion turbine"	"propane"	2009	0	NA	NA	NA	NA	NA	NA	8659.54469922366	NA	NA
"conventional combustion turbine"	"propane"	2010	0	NA	NA	NA	NA	NA	NA	9485.53507513293	NA	NA
"conventional combustion turbine"	"propane"	2011	2.5	25	0.1	0	10101.230093738	0.277629440445786	NA	10039.0915771874	NA	NA
"conventional combustion turbine"	"propane"	2012	0	NA	NA	NA	10133.7986557353	0.266463942686191	NA	10320.2142053871	NA	NA
"conventional combustion turbine"	"propane"	2013	0	NA	NA	NA	10515.3185093838	0.262242166587939	NA	10328.902959732	NA	NA
"conventional combustion turbine"	"propane"	2014	0	NA	NA	NA	10003.0193236715	0.277751535191308	NA	10065.1578402221	NA	NA
"distributed"	"MWh"	1990	0	NA	NA	NA	NA	NA	NA	NA	NA	NA
"distributed"	"MWh"	1991	0	NA	NA	NA	NA	NA	NA	NA	NA	NA
"distributed"	"MWh"	1992	0	NA	NA	NA	NA	NA	NA	NA	NA	NA
"distributed"	"MWh"	1993	0	NA	NA	NA	NA	NA	NA	NA	NA	NA
"distributed"	"MWh"	1994	0	NA	NA	NA	NA	NA	NA	NA	NA	NA
"distributed"	"MWh"	1995	0	NA	NA	NA	NA	NA	NA	NA	NA	NA
"distributed"	"MWh"	1996	0	NA	NA	NA	NA	NA	NA	NA	NA	NA
"distributed"	"MWh"	1997	0	NA	NA	NA	NA	NA	NA	NA	NA	NA
"distributed"	"MWh"	1998	0	NA	NA	NA	NA	NA	NA	NA	NA	NA
"distributed"	"MWh"	1999	0	NA	NA	NA	NA	NA	NA	NA	NA	NA
"distributed"	"MWh"	2000	0	NA	NA	NA	NA	NA	NA	NA	NA	NA
"distributed"	"MWh"	2001	0	NA	NA	NA	NA	NA	NA	NA	NA	NA
"distributed"	"MWh"	2002	0	NA	NA	NA	NA	NA	NA	NA	NA	NA
"distributed"	"MWh"	2003	0	NA	NA	NA	NA	NA	NA	NA	NA	NA
"distributed"	"MWh"	2004	0	NA	NA	NA	NA	NA	NA	NA	NA	NA
"distributed"	"MWh"	2005	0	NA	NA	NA	NA	NA	NA	NA	NA	NA
"distributed"	"MWh"	2006	0	NA	NA	NA	NA	NA	NA	NA	NA	NA
"distributed"	"MWh"	2007	0	NA	NA	NA	NA	NA	NA	NA	NA	NA
"distributed"	"MWh"	2008	0	NA	NA	NA	NA	NA	NA	NA	NA	NA
"distributed"	"MWh"	2009	0	NA	NA	NA	NA	NA	NA	NA	NA	NA
"distributed"	"MWh"	2010	1	1	1	0	NA	0.375197102591899	NA	NA	NA	NA
"distributed"	"MWh"	2011	52	2	26	0	NA	0.0830162354134957	NA	NA	NA	NA
"distributed"	"MWh"	2012	58.8	5	11.76	0	NA	0.106755052408748	NA	NA	NA	NA
"distributed"	"MWh"	2013	47	5	9.4	0	NA	0.156229196746058	NA	NA	NA	NA
"distributed"	"MWh"	2014	4	1	4	0	NA	0.148986091403105	NA	NA	NA	NA
"fuel cell"	"natural gas"	1990	0	NA	NA	NA	NA	NA	NA	-136746.156528802	NA	NA
"fuel cell"	"natural gas"	1991	0	NA	NA	NA	NA	NA	NA	-123853.466818575	2.153	-266.656514060391
"fuel cell"	"natural gas"	1992	0	NA	NA	NA	NA	NA	NA	-111552.644556355	2.328	-259.694556527194
"fuel cell"	"natural gas"	1993	0	NA	NA	NA	NA	NA	NA	-99843.689742143	2.56	-255.599845739886
"fuel cell"	"natural gas"	1994	0.4	2	0.2	0	NA	NA	NA	-88726.6023759386	2.23	-197.860323298343
"fuel cell"	"natural gas"	1995	0	NA	NA	NA	NA	NA	NA	-78201.3824577418	1.984	-155.15154279616
"fuel cell"	"natural gas"	1996	2	1	2	0	NA	NA	NA	-68268.0299875528	2.64	-180.227599167139
"fuel cell"	"natural gas"	1997	0	NA	NA	NA	NA	NA	NA	-58926.5449653713	2.76	-162.637264104425
"fuel cell"	"natural gas"	1998	0	NA	NA	NA	NA	NA	NA	-50176.9273911975	2.38	-119.42108719105
"fuel cell"	"natural gas"	1999	0	NA	NA	NA	NA	NA	NA	-42019.1772650314	2.57	-107.989285571131
"fuel cell"	"natural gas"	2000	0	NA	NA	NA	NA	NA	NA	-34453.2945868729	4.3	-148.149166723554
"fuel cell"	"natural gas"	2001	0	NA	NA	NA	NA	NA	NA	-27479.2793567221	4.49	-123.381964311682
"fuel cell"	"natural gas"	2002	0	NA	NA	NA	NA	NA	NA	-21097.131574579	3.68	-77.6374441944506
"fuel cell"	"natural gas"	2003	0	NA	NA	NA	NA	NA	NA	-15306.8512404434	5.59	-85.5652984340789
"fuel cell"	"natural gas"	2004	0	NA	NA	NA	NA	NA	NA	-10108.4383543156	6.15	-62.1668958790409
"fuel cell"	"natural gas"	2005	0	NA	NA	NA	NA	NA	NA	-5501.89291619537	8.32	-45.7757490627455
"fuel cell"	"natural gas"	2006	0	NA	NA	NA	NA	NA	NA	-1487.21492608282	7.36	-10.9459018559695
"fuel cell"	"natural gas"	2007	0	NA	NA	NA	NA	NA	NA	1935.59561602208	7.47	14.4588992516849
"fuel cell"	"natural gas"	2008	0	NA	NA	NA	NA	NA	NA	4766.53871011933	9.22	43.9474869073003
"fuel cell"	"natural gas"	2009	1.1	1	1.1	0	NA	0.389684516396845	NA	7005.61435620893	5.5	38.5308789591491
"fuel cell"	"natural gas"	2010	1	10	0.1	0	8620.37267080745	0.261323278446566	NA	8652.82255429088	5.43	46.9848264697995
"fuel cell"	"natural gas"	2011	8.8	7	1.25714285714286	0	9928.74656991375	0.520952207989879	NA	9708.16330436515	5	48.5408165218258
"fuel cell"	"natural gas"	2012	27.8	24	1.15833333333333	0	9704.58611068711	0.462285558527948	NA	10171.6366064318	3.74	38.0419209080549
"fuel cell"	"natural gas"	2013	58.9	21	2.8047619047619	0	10445.3931892685	0.542189079408644	NA	10043.2424604907	4.49	45.0941586476034
"fuel cell"	"natural gas"	2014	7.4	7	1.05714285714286	0	9199.74725144405	0.630572016301617	NA	9322.98086654206	5.17	48.1998110800224
"geothermal"	"geothermal"	1990	0	NA	NA	NA	16200	0.619735357602515	NA	15480.1304347826	NA	NA
"geothermal"	"geothermal"	1991	0	NA	NA	NA	16200	0.593142020262065	NA	17670.5953737417	NA	NA
"geothermal"	"geothermal"	1992	0	NA	NA	NA	20475.5217391304	0.611246688303279	NA	19762.0718783465	NA	NA
"geothermal"	"geothermal"	1993	0	NA	NA	NA	21239.0869565217	0.754228192023088	NA	21754.5599485971	NA	NA
"geothermal"	"geothermal"	1994	0	NA	NA	NA	24821.6896551724	0.529842904196242	NA	23648.0595844935	NA	NA
"geothermal"	"geothermal"	1995	0	NA	NA	NA	24821.6896551724	0.369887085892119	NA	25442.5707860356	NA	NA
"geothermal"	"geothermal"	1996	0	NA	NA	NA	NA	0.768386124718787	NA	27138.0935532234	NA	NA
"geothermal"	"geothermal"	1997	0	NA	NA	NA	NA	0.464049845813905	NA	28734.627886057	NA	NA
"geothermal"	"geothermal"	1998	0	NA	NA	NA	NA	0.43489482662973	NA	30232.1737845363	NA	NA
"geothermal"	"geothermal"	1999	0	NA	NA	NA	NA	0.185796741909434	NA	31630.7312486614	NA	NA
"geothermal"	"geothermal"	2000	0	NA	NA	NA	NA	NA	NA	32930.3002784322	NA	NA
"geothermal"	"geothermal"	2001	0	NA	NA	NA	NA	0.719131456560739	NA	34130.8808738488	NA	NA
"geothermal"	"geothermal"	2002	0.05	1	0.05	0	NA	0.652067013243753	NA	35232.4730349112	NA	NA
"geothermal"	"geothermal"	2003	0	NA	NA	NA	NA	0.69273188279049	NA	36235.0767616193	NA	NA
"geothermal"	"geothermal"	2004	0	NA	NA	NA	NA	0.763902306860212	NA	37138.6920539731	NA	NA
"geothermal"	"geothermal"	2005	28	2	14	0	NA	0.694750617740144	NA	37943.3189119727	NA	NA
"geothermal"	"geothermal"	2006	39.5	5	7.9	0	NA	0.660828725925984	NA	38648.957335618	NA	NA
"geothermal"	"geothermal"	2007	29.3	4	7.325	0	NA	0.680070890633062	NA	39255.6073249091	NA	NA
"geothermal"	"geothermal"	2008	30.8	4	7.7	0	NA	0.644135040150969	NA	39763.268879846	NA	NA
"geothermal"	"geothermal"	2009	163.6	13	12.5846153846154	0	NA	0.617444168186636	NA	40171.9420004286	NA	NA
"geothermal"	"geothermal"	2010	12.5	2	6.25	0	NA	0.566845116155092	NA	40481.6266866569	NA	NA
"geothermal"	"geothermal"	2011	2.9	5	0.58	0	NA	0.572220427137587	NA	40692.322938531	NA	NA
"geothermal"	"geothermal"	2012	145.5	12	12.125	0	NA	0.539206895296394	NA	40804.0307560508	NA	NA
"geothermal"	"geothermal"	2013	70.6	10	7.06	0	NA	0.563582199002202	NA	40816.7501392164	NA	NA
"geothermal"	"geothermal"	2014	11.5	1	11.5	0	NA	0.620843290570714	NA	40730.4810880278	NA	NA
"hydro"	"water"	1990	69.801	6	11.6335	0	5761.66666666667	0.448408976380605	NA	7583.96353413031	NA	NA
"hydro"	"water"	1991	1068.526	10	106.8526	0	NA	0.432835186160903	NA	8771.07481764783	NA	NA
"hydro"	"water"	1992	84.267	12	7.02225	0	12800	0.429690020416883	NA	9873.07657781111	NA	NA
"hydro"	"water"	1993	54.699	9	6.07766666666667	0	11169.5	0.4705436630609	NA	10889.9688146202	NA	NA
"hydro"	"water"	1994	335.875	22	15.2670454545455	0	NA	0.431940060712729	NA	11821.751528075	NA	NA
"hydro"	"water"	1995	1024.18	13	78.7830769230769	0	NA	0.454435158115585	NA	12668.4247181756	NA	NA
"hydro"	"water"	1996	7.26	5	1.452	0	NA	0.562310333978618	NA	13429.9883849219	NA	NA
"hydro"	"water"	1997	59.9	8	7.4875	0	NA	0.475477733509324	NA	14106.442528314	NA	NA
"hydro"	"water"	1998	2.1	2	1.05	0	NA	0.467560015151113	NA	14697.7871483519	NA	NA
"hydro"	"water"	1999	150	5	30	0	NA	0.411268630525239	NA	15204.0222450355	NA	NA
"hydro"	"water"	2000	0.75	1	0.75	0	NA	NA	NA	15625.1478183649	NA	NA
"hydro"	"water"	2001	19.6	8	2.45	0	NA	0.375463481165167	NA	15961.1638683401	NA	NA
"hydro"	"water"	2002	342	12	28.5	0	9231.44839174792	0.389294538743392	NA	16212.070394961	NA	NA
"hydro"	"water"	2003	0	NA	NA	NA	17453.9300488906	0.426494075433684	NA	16377.8673982277	NA	NA
"hydro"	"water"	2004	69.7	9	7.74444444444444	0	18777.2590272443	0.408768671224758	NA	16458.5548781401	NA	NA
"hydro"	"water"	2005	30	6	5	0	18694.5725434551	0.434744562080824	NA	16454.1328346984	NA	NA
"hydro"	"water"	2006	0.8	1	0.8	0	18000	0.444575785190653	NA	16364.6012679024	NA	NA
"hydro"	"water"	2007	12.2	2	6.1	0	9426.03333855881	0.380798505612995	NA	16189.9601777521	NA	NA
"hydro"	"water"	2008	16.4	7	2.34285714285714	0	18000	0.408657236581646	NA	15930.2095642476	NA	NA
"hydro"	"water"	2009	25.8	8	3.225	0	18000	0.430615042919895	NA	15585.3494273889	NA	NA
"hydro"	"water"	2010	20.5	7	2.92857142857143	0	17621.6933410731	0.420819015739632	NA	15155.3797671759	NA	NA
"hydro"	"water"	2011	161	26	6.19230769230769	0	17266.9672926537	0.451534033713349	NA	14640.3005836087	NA	NA
"hydro"	"water"	2012	386.4	17	22.7294117647059	0	17093.3333333333	0.394651821493644	NA	14040.1118766873	NA	NA
"hydro"	"water"	2013	412.6	21	19.647619047619	0	1327.84949980581	0.4135895840353	NA	13354.8136464116	NA	NA
"hydro"	"water"	2014	176.2	14	12.5857142857143	0	17070.5131531158	0.395973739155192	NA	12584.4058927818	NA	NA
"igcc"	"coal"	1990	0	NA	NA	NA	NA	NA	NA	8056.11111111111	NA	NA
"igcc"	"coal"	1991	0	NA	NA	NA	NA	NA	NA	8040.31481481481	1.447	11.634335537037
"igcc"	"coal"	1992	0	NA	NA	NA	NA	NA	NA	8024.51851851852	1.412	11.3306201481481
"igcc"	"coal"	1993	0	NA	NA	NA	NA	NA	NA	8008.72222222222	1.385	11.0920802777778
"igcc"	"coal"	1994	0	NA	NA	NA	NA	NA	NA	7992.92592592592	1.355	10.8304146296296
"igcc"	"coal"	1995	0	NA	NA	NA	NA	NA	NA	7977.12962962963	1.318	10.5138568518519
"igcc"	"coal"	1996	340	2	170	0	NA	0.816738645088294	NA	7961.33333333333	1.29	10.27012
"igcc"	"coal"	1997	0	NA	NA	NA	NA	NA	NA	7945.53703703703	1.27	10.090832037037
"igcc"	"coal"	1998	0	NA	NA	NA	NA	0.656957412838147	NA	7929.74074074074	1.25	9.91217592592592
"igcc"	"coal"	1999	0	NA	NA	NA	NA	0.811095313221487	NA	7913.94444444444	1.22	9.65501222222222
"igcc"	"coal"	2000	0	NA	NA	NA	NA	NA	NA	7898.14814814815	1.2	9.47777777777777
"igcc"	"coal"	2001	0	NA	NA	NA	NA	NA	NA	7882.35185185185	1.23	9.69529277777777
"igcc"	"coal"	2002	0	NA	NA	NA	NA	NA	NA	7866.55555555555	1.22	9.59719777777777
"igcc"	"coal"	2003	0	NA	NA	NA	NA	NA	NA	7850.75925925926	1.26	9.89195666666666
"igcc"	"coal"	2004	0	NA	NA	NA	NA	NA	NA	7834.96296296296	1.34	10.4988503703704
"igcc"	"coal"	2005	0	NA	NA	NA	NA	NA	NA	7819.16666666666	1.53	11.963325
"igcc"	"coal"	2006	0	NA	NA	NA	NA	NA	NA	7803.37037037037	1.69	13.1876959259259
"igcc"	"coal"	2007	0	NA	NA	NA	NA	NA	NA	7787.57407407407	1.78	13.8618818518518
"igcc"	"coal"	2008	0	NA	NA	NA	NA	NA	NA	7771.77777777777	2.05	15.9321444444444
"igcc"	"coal"	2009	0	NA	NA	NA	NA	NA	NA	7755.98148148148	2.22	17.2182788888889
"igcc"	"coal"	2010	0	NA	NA	NA	NA	NA	NA	7740.18518518518	2.27	17.5702203703704
"igcc"	"coal"	2011	0	NA	NA	NA	NA	NA	NA	7724.38888888889	2.4	18.5385333333333
"igcc"	"coal"	2012	0	NA	NA	NA	NA	NA	NA	7708.59259259259	2.43	18.73188
"igcc"	"coal"	2013	0	NA	NA	NA	NA	NA	NA	7692.79629629629	2.38	18.3088551851852
"igcc"	"coal"	2014	0	NA	NA	NA	NA	NA	NA	7677	2.39	18.34803
"igcc"	"coal"	2050	NA	NA	NA	NA	7108.33333333333	NA	0.48	7108.33333333333	NA	NA
"igcc"	"coal"	2100	NA	NA	NA	NA	6318.51851851852	NA	0.54	6318.51851851852	NA	NA
"nuclear"	"uranium"	1990	3355	3	1118.33333333333	0	10696.8073394495	0.655602307480283	NA	11431.9714528322	NA	NA
"nuclear"	"uranium"	1991	0	NA	NA	NA	10588.6486486486	0.691901002795379	NA	10997.0331596861	NA	NA
"nuclear"	"uranium"	1992	0	NA	NA	NA	10580.7567567568	0.699069905455229	NA	10581.8475421467	NA	NA
"nuclear"	"uranium"	1993	1150	1	1150	0	10554.2465753425	0.687060791218149	NA	10186.414600214	NA	NA
"nuclear"	"uranium"	1994	0	NA	NA	NA	10494.2909090909	0.739241719810231	NA	9810.73433388813	10.4	102.031637072437
"nuclear"	"uranium"	1995	0	NA	NA	NA	10544.0943396226	0.768790715997779	NA	9454.80674316901	11.25	106.366575860651
"nuclear"	"uranium"	1996	1122	1	1122	0	NA	0.52665105717388	NA	9118.63182805664	14.12	128.75508141216
"nuclear"	"uranium"	1997	0	NA	NA	NA	NA	0.736048324601758	NA	8802.20958855104	12.88	113.372459500537
"nuclear"	"uranium"	1998	0	NA	NA	NA	NA	0.778112298337606	NA	8505.54002465219	12.14	103.257255899278
"nuclear"	"uranium"	1999	0	NA	NA	NA	NA	0.844856196443607	NA	8228.62313636011	11.63	95.6988870758681
"nuclear"	"uranium"	2000	0	NA	NA	NA	NA	NA	NA	7971.45892367478	11.04	88.0049065173696
"nuclear"	"uranium"	2001	0	NA	NA	NA	7336.86068315699	0.882867342151968	NA	7734.04738659622	10.15	78.5005809739516
"nuclear"	"uranium"	2002	0	NA	NA	NA	6991.86624010645	0.894970580010624	NA	7516.38852512441	10.36	77.8697851202889
"nuclear"	"uranium"	2003	0	NA	NA	NA	6861.53203141907	0.873534486135824	NA	7318.48233925937	10.81	79.1127940873938
"nuclear"	"uranium"	2004	0	NA	NA	NA	7158.78380802733	0.890078724128063	NA	7140.32882900108	12.61	90.0395465337036
"nuclear"	"uranium"	2005	0	NA	NA	NA	6847.27363007527	0.886725860360488	NA	6981.92799434955	14.36	100.26048599886
"nuclear"	"uranium"	2006	0	NA	NA	NA	7109.32824745563	0.886615035251973	NA	6843.27983530479	18.61	127.353437735022
"nuclear"	"uranium"	2007	0	NA	NA	NA	6872.75023550399	0.902453189846023	NA	6724.38435186678	32.78	220.425319054193
"nuclear"	"uranium"	2008	0	NA	NA	NA	7025.79324962873	0.900461119821554	NA	6625.24154403553	45.88	303.96608204035
"nuclear"	"uranium"	2009	0	NA	NA	NA	5184.13752368901	0.894030884610889	NA	6545.85141181104	45.86	300.192745745654
"nuclear"	"uranium"	2010	0	NA	NA	NA	7068.01506426907	0.901416364671383	NA	6486.21395519332	49.29	319.705485851478
"nuclear"	"uranium"	2011	0	NA	NA	NA	6910.09789641808	0.877146992992308	NA	6446.32917418235	55.64	358.673755251506
"nuclear"	"uranium"	2012	0	NA	NA	NA	NA	0.85952947097689	NA	6426.19706877814	54.99	353.37657681211
"nuclear"	"uranium"	2013	0	NA	NA	NA	NA	0.881279573457314	NA	6425.81763898069	51.99	334.078259050606
"nuclear"	"uranium"	2014	0	NA	NA	NA	NA	0.919103653133252	NA	6445.19088479	46.16	297.510011241906
"photovoltaic"	"solar"	1990	0	NA	NA	NA	NA	0.47245145672089	NA	-362837.297189005	NA	NA
"photovoltaic"	"solar"	1991	0	NA	NA	NA	NA	0.421354805525761	NA	-329310.669741097	NA	NA
"photovoltaic"	"solar"	1992	0	NA	NA	NA	NA	0.383199508130751	NA	-297333.364202692	NA	NA
"photovoltaic"	"solar"	1993	0	NA	NA	NA	NA	0.464009911851023	NA	-266905.380573788	NA	NA
"photovoltaic"	"solar"	1994	0.2	1	0.2	0	NA	0.468464641885402	NA	-238026.718854385	NA	NA
"photovoltaic"	"solar"	1995	0	NA	NA	NA	NA	0.423055825325719	NA	-210697.379044484	NA	NA
"photovoltaic"	"solar"	1996	0	NA	NA	NA	NA	0.313077711841951	NA	-184917.361144085	NA	NA
"photovoltaic"	"solar"	1997	0	NA	NA	NA	NA	0.454692327709025	NA	-160686.665153187	NA	NA
"photovoltaic"	"solar"	1998	0.082	1	0.082	0	NA	0.391324546007964	NA	-138005.291071791	NA	NA
"photovoltaic"	"solar"	1999	0.304	4	0.076	0	NA	0.435610366380892	NA	-116873.238899897	NA	NA
"photovoltaic"	"solar"	2000	0	NA	NA	NA	NA	NA	NA	-97290.5086375036	NA	NA
"photovoltaic"	"solar"	2001	0.2	1	0.2	0	NA	0.283293987272889	NA	-79257.1002846122	NA	NA
"photovoltaic"	"solar"	2002	0	NA	NA	NA	NA	0.118742612883759	NA	-62773.0138412224	NA	NA
"photovoltaic"	"solar"	2003	0	NA	NA	NA	NA	0.192186510031968	NA	-47838.2493073342	NA	NA
"photovoltaic"	"solar"	2004	0	NA	NA	NA	NA	0.197641967199246	NA	-34452.8066829476	NA	NA
"photovoltaic"	"solar"	2005	1	1	1	0	NA	0.166694951079947	NA	-22616.6859680626	NA	NA
"photovoltaic"	"solar"	2006	0	NA	NA	NA	NA	0.16230586454412	NA	-12329.8871626791	NA	NA
"photovoltaic"	"solar"	2007	25.3	16	1.58125	0	NA	0.148439540580078	NA	-3592.41026679729	NA	NA
"photovoltaic"	"solar"	2008	30.5	47	0.648936170212766	0	NA	0.100628582947451	NA	3595.74471958296	NA	NA
"photovoltaic"	"solar"	2009	73.5	17	4.32352941176471	0	NA	0.166086349955727	NA	9234.57779646164	NA	NA
"photovoltaic"	"solar"	2010	238.2	60	3.97	0	11653.8545533959	0.150047567173332	NA	13324.0889638387	NA	NA
"photovoltaic"	"solar"	2011	639	133	4.80451127819549	0	19958.8659605448	0.138838011834473	NA	15864.2782217142	NA	NA
"photovoltaic"	"solar"	2012	1595	210	7.59523809523809	0	14592.7888162555	0.171570786159248	NA	16855.1455700881	NA	NA
"photovoltaic"	"solar"	2013	2649.5	253	10.4723320158103	0	15218.5789419073	0.172936771168496	NA	16296.6910089604	NA	NA
"photovoltaic"	"solar"	2014	3249.5	350	9.28428571428571	0	15105.03003083	0.172153939899471	NA	14188.9145383312	NA	NA
"solar thermal"	"solar"	1990	0	NA	NA	NA	NA	NA	NA	14883.006570472	NA	NA
"solar thermal"	"solar"	1991	0	NA	NA	NA	NA	NA	NA	14589.7415854967	NA	NA
"solar thermal"	"solar"	1992	0	NA	NA	NA	NA	NA	NA	14309.4289983907	NA	NA
"solar thermal"	"solar"	1993	0	NA	NA	NA	NA	NA	NA	14042.0688091541	NA	NA
"solar thermal"	"solar"	1994	0	NA	NA	NA	NA	NA	NA	13787.661017787	NA	NA
"solar thermal"	"solar"	1995	0	NA	NA	NA	NA	NA	NA	13546.2056242892	NA	NA
"solar thermal"	"solar"	1996	0	NA	NA	NA	NA	NA	NA	13317.7026286609	NA	NA
"solar thermal"	"solar"	1997	0	NA	NA	NA	NA	NA	NA	13102.152030902	NA	NA
"solar thermal"	"solar"	1998	0	NA	NA	NA	NA	NA	NA	12899.5538310125	NA	NA
"solar thermal"	"solar"	1999	0	NA	NA	NA	NA	NA	NA	12709.9080289923	NA	NA
"solar thermal"	"solar"	2000	0	NA	NA	NA	NA	NA	NA	12533.2146248416	NA	NA
"solar thermal"	"solar"	2001	0	NA	NA	NA	12023.8134434642	0.234392010711618	NA	12369.4736185603	NA	NA
"solar thermal"	"solar"	2002	0	NA	NA	NA	11089.9856464174	0.241113229034358	NA	12218.6850101485	NA	NA
"solar thermal"	"solar"	2003	0	NA	NA	NA	11744.9419385307	0.21104629242446	NA	12080.848799606	NA	NA
"solar thermal"	"solar"	2004	0	NA	NA	NA	13353.4380207599	0.206109631789383	NA	11955.9649869329	NA	NA
"solar thermal"	"solar"	2005	0	NA	NA	NA	13209.0628984887	0.169386629708953	NA	11844.0335721293	NA	NA
"solar thermal"	"solar"	2006	0	NA	NA	NA	11821.8825160848	0.149694414194953	NA	11745.054555195	NA	NA
"solar thermal"	"solar"	2007	64	1	64	0	12201.1309800539	0.157440854386914	NA	11659.0279361301	NA	NA
"solar thermal"	"solar"	2008	0	NA	NA	NA	12898.5358223993	0.19249102010576	NA	11585.9537149347	NA	NA
"solar thermal"	"solar"	2009	8.2	3	2.73333333333333	0	10172.6394680633	0.174755414205688	NA	11525.8318916087	NA	NA
"solar thermal"	"solar"	2010	0	NA	NA	NA	10526.3444436322	0.175990728344101	NA	11478.6624661521	NA	NA
"solar thermal"	"solar"	2011	0	NA	NA	NA	9883.15094327803	0.180087454624934	NA	11444.4454385648	NA	NA
"solar thermal"	"solar"	2012	0	NA	NA	NA	10032.0049777363	0.177002597483634	NA	11423.180808847	NA	NA
"solar thermal"	"solar"	2013	811.4	6	135.233333333333	0	12644.4561308609	0.104953201534194	NA	11414.8685769986	NA	NA
"solar thermal"	"solar"	2014	375	3	125	0	12564.1528890581	0.166417281924861	NA	11419.5087430197	NA	NA
"steam turbine"	"black liquor"	1990	0	NA	NA	NA	NA	NA	NA	24386.0519320427	NA	NA
"steam turbine"	"black liquor"	1991	0	NA	NA	NA	NA	NA	NA	26336.6235429041	NA	NA
"steam turbine"	"black liquor"	1992	0	NA	NA	NA	NA	NA	NA	28140.565871409	NA	NA
"steam turbine"	"black liquor"	1993	0	NA	NA	NA	NA	NA	NA	29797.8789175574	NA	NA
"steam turbine"	"black liquor"	1994	0	NA	NA	NA	NA	NA	NA	31308.5626813494	NA	NA
"steam turbine"	"black liquor"	1995	0	NA	NA	NA	NA	NA	NA	32672.6171627848	NA	NA
"steam turbine"	"black liquor"	1996	0	NA	NA	NA	NA	NA	NA	33890.0423618638	NA	NA
"steam turbine"	"black liquor"	1997	0	NA	NA	NA	NA	NA	NA	34960.8382785863	NA	NA
"steam turbine"	"black liquor"	1998	0	NA	NA	NA	NA	NA	NA	35885.0049129523	NA	NA
"steam turbine"	"black liquor"	1999	0	NA	NA	NA	NA	NA	NA	36662.5422649619	NA	NA
"steam turbine"	"black liquor"	2000	0	NA	NA	NA	NA	NA	NA	37293.4503346149	NA	NA
"steam turbine"	"black liquor"	2001	48	1	48	0	NA	0.697137909197734	NA	37777.7291219115	NA	NA
"steam turbine"	"black liquor"	2002	0	NA	NA	NA	38631.3323741839	0.690354087202859	NA	38115.3786268515	NA	NA
"steam turbine"	"black liquor"	2003	16	1	16	0	36967.9654385393	0.561636472939679	NA	38306.3988494351	NA	NA
"steam turbine"	"black liquor"	2004	21.1	1	21.1	0	37819.028900051	0.696692287602273	NA	38350.7897896623	NA	NA
"steam turbine"	"black liquor"	2005	0	NA	NA	NA	42137.0460893855	0.68395937561826	NA	38248.5514475329	NA	NA
"steam turbine"	"black liquor"	2006	46.5	1	46.5	0	35169.7931341292	0.69405857446093	NA	37999.683823047	NA	NA
"steam turbine"	"black liquor"	2007	9	1	9	0	37321.9724974124	0.689433721600904	NA	37604.1869162047	NA	NA
"steam turbine"	"black liquor"	2008	0	NA	NA	NA	37639.9117460381	0.660754832843878	NA	37062.0607270059	NA	NA
"steam turbine"	"black liquor"	2009	55	1	55	0	NA	0.65521804514613	NA	36373.3052554506	NA	NA
"steam turbine"	"black liquor"	2010	56.7	2	28.35	0	NA	0.633653960821165	NA	35537.9205015388	NA	NA
"steam turbine"	"black liquor"	2011	15	1	15	0	NA	0.616541783724031	NA	34555.9064652705	NA	NA
"steam turbine"	"black liquor"	2012	0	NA	NA	NA	NA	0.60821713445052	NA	33427.2631466458	NA	NA
"steam turbine"	"black liquor"	2013	0	NA	NA	NA	NA	0.635376880879763	NA	32151.9905456646	NA	NA
"steam turbine"	"black liquor"	2014	59	2	29.5	0	NA	0.630427085876794	NA	30730.0886623269	NA	NA
"steam turbine"	"natural gas"	1990	0	NA	NA	NA	12059.5256222548	0.188991909000944	NA	12021.038871512	NA	NA
"steam turbine"	"natural gas"	1991	0	NA	NA	NA	11930.5600578871	0.189197571153015	NA	11962.8481106388	2.153	25.7560119822053
"steam turbine"	"natural gas"	1992	875	1	875	0	11913.5338129496	0.18485943094942	NA	11909.73092885	2.328	27.7258536023627
"steam turbine"	"natural gas"	1993	0	NA	NA	NA	12300.0162454874	0.217183141694779	NA	11861.6873261456	2.56	30.3659195549327
"steam turbine"	"natural gas"	1994	28	1	28	0	11787.2218844985	0.202922519134904	NA	11818.7173025256	2.23	26.3557395846322
"steam turbine"	"natural gas"	1995	16	1	16	0	11684.6066066066	0.201023734014523	NA	11780.8208579901	1.984	23.3731485822524
"steam turbine"	"natural gas"	1996	18.557	1	18.557	0	NA	0.315135998375309	NA	11747.997992539	2.64	31.014714700303
"steam turbine"	"natural gas"	1997	366.5	8	45.8125	0	NA	0.185594001958616	NA	11720.2487061723	2.76	32.3478864290356
"steam turbine"	"natural gas"	1998	0	NA	NA	NA	NA	0.220009662173012	NA	11697.57299889	2.38	27.8402237373583
"steam turbine"	"natural gas"	1999	0	NA	NA	NA	NA	0.218578597680353	NA	11679.9708706922	2.57	30.017525137679
"steam turbine"	"natural gas"	2000	0	NA	NA	NA	NA	NA	NA	11667.4423215788	4.3	50.1700019827888
"steam turbine"	"natural gas"	2001	294.58	7	42.0828571428571	0	10883.2629911139	0.287048079451721	NA	11659.9873515498	4.49	52.3533432084586
"steam turbine"	"natural gas"	2002	98.6	3	32.8666666666667	0	11264.2274832816	0.254001587924304	NA	11657.6059606052	3.68	42.8999899350272
"steam turbine"	"natural gas"	2003	686.8	6	114.466666666667	0	11178.2540270972	0.200584222264883	NA	11660.2981487451	5.59	65.1810666514849
"steam turbine"	"natural gas"	2004	0	NA	NA	NA	11951.6690412057	0.211135715444568	NA	11668.0639159693	6.15	71.7585930832114
"steam turbine"	"natural gas"	2005	0	NA	NA	NA	11789.5314599648	0.215341489241376	NA	11680.903262278	8.32	97.1851151421532
"steam turbine"	"natural gas"	2006	41.4	3	13.8	0	11852.9193336819	0.206708080067499	NA	11698.8161876711	7.36	86.1032871412596
"steam turbine"	"natural gas"	2007	0	NA	NA	NA	12030.0426029317	0.204954089145545	NA	11721.8026921487	7.47	87.5618661103506
"steam turbine"	"natural gas"	2008	0	NA	NA	NA	12016.3520234278	0.190621828384624	NA	11749.8627757106	9.22	108.333734792052
"steam turbine"	"natural gas"	2009	0	NA	NA	NA	12465.5369585401	0.17445176355355	NA	11782.996438357	5.5	64.8064804109636
"steam turbine"	"natural gas"	2010	0	NA	NA	NA	11979.6732168547	0.198005487224121	NA	11821.2036800878	5.43	64.1891359828769
"steam turbine"	"natural gas"	2011	0.7	1	0.7	0	12170.0326220739	0.19636901079712	NA	11864.4845009031	5	59.3224225045153
"steam turbine"	"natural gas"	2012	24	1	24	0	11877.5290040869	0.198092059775464	NA	11912.8389008027	3.74	44.5540174890021
"steam turbine"	"natural gas"	2013	19.3	2	9.65	0	11379.311827905	0.208839762109374	NA	11966.2668797868	4.49	53.7285382902426
"steam turbine"	"natural gas"	2014	0	NA	NA	NA	11710.9357082834	0.192798775333371	NA	12024.7684378553	5.17	62.1680528237117
"steam turbine"	"oil"	1990	0	NA	NA	NA	12025.359223301	0.245992515595867	NA	11896.1220750522	NA	NA
"steam turbine"	"oil"	1991	0	NA	NA	NA	11961.2191780822	0.229383639423183	NA	12093.6525658931	2.548	30.8146267378956
"steam turbine"	"oil"	1992	72	1	72	0	11806.3228346457	0.223669288427111	NA	12181.6360589358	2.551	31.0753535863451
"steam turbine"	"oil"	1993	0	NA	NA	NA	12788.2410714286	0.241101229957886	NA	12160.0725541802	2.433	29.5854565243205
"steam turbine"	"oil"	1994	0	NA	NA	NA	11782.1125	0.217546992813672	NA	12028.9620516265	2.488	29.9280575844467
"steam turbine"	"oil"	1995	0	NA	NA	NA	11785.495049505	0.235243496072175	NA	11788.3045512746	2.679	31.5808678928645
"steam turbine"	"oil"	1996	0	NA	NA	NA	NA	0.349893715410947	NA	11438.1000531244	3.16	36.1443961678732
"steam turbine"	"oil"	1997	0	NA	NA	NA	NA	0.246549651512186	NA	10978.3485571761	2.88	31.6176438446672
"steam turbine"	"oil"	1998	0	NA	NA	NA	NA	0.268421316119817	NA	10409.0500634296	2.14	22.2753671357393
"steam turbine"	"oil"	1999	0	NA	NA	NA	NA	0.247949190073866	NA	9730.20457188488	2.53	24.6174175668687
"steam turbine"	"oil"	2000	0	NA	NA	NA	NA	NA	NA	8941.81208254197	4.45	39.7910637673118
"steam turbine"	"oil"	2001	0	NA	NA	NA	NA	0.295349884515973	NA	8043.87259540087	3.92	31.5319805739714
"steam turbine"	"oil"	2002	3	1	3	0	NA	0.272151562721148	NA	7036.38611046156	3.74	26.3160840531262
"steam turbine"	"oil"	2003	0	NA	NA	NA	NA	0.284887613288959	NA	5919.35262772407	4.68	27.7025702977486
"steam turbine"	"oil"	2004	35.6	4	8.9	0	NA	0.283982030771482	NA	4692.77214718837	4.8	22.5253063065042
"steam turbine"	"oil"	2005	0	NA	NA	NA	NA	0.332625809249655	NA	3356.64466885448	7.17	24.0671422756866
"steam turbine"	"oil"	2006	0	NA	NA	NA	NA	0.297207787520951	NA	1910.9701927224	8.33	15.9183817053776
"steam turbine"	"oil"	2007	1.5	1	1.5	0	NA	0.288146736070833	NA	355.748718792118	9.24	3.28711816163917
"steam turbine"	"oil"	2008	0	NA	NA	NA	NA	0.275384025081407	NA	-1309.01975293636	15.72	-20.5777905161596
"steam turbine"	"oil"	2009	0	NA	NA	NA	NA	0.240862695458472	NA	-3083.33522246303	10.44	-32.1900197225141
"steam turbine"	"oil"	2010	0	NA	NA	NA	NA	0.250532059607583	NA	-4967.1976897879	13.94	-69.2427357956434
"steam turbine"	"oil"	2011	0	NA	NA	NA	NA	0.238404379567429	NA	-6960.60715491097	20.3	-141.300325244693
"steam turbine"	"oil"	2012	0	NA	NA	NA	NA	0.241296751111847	NA	-9063.56361783223	22.11	-200.395391590271
"steam turbine"	"oil"	2013	0	NA	NA	NA	NA	0.218603572559068	NA	-11276.0670785517	21.09	-237.812254686655
"steam turbine"	"oil"	2014	0	NA	NA	NA	NA	0.230701961924959	NA	-13598.1175370693	19.9	-270.60253898768
"wind"	"wind"	1990	0	NA	NA	NA	NA	0.0300954753009548	NA	4516.34170335953	NA	NA
"wind"	"wind"	1991	0	NA	NA	NA	NA	0.0160695468914647	NA	4694.35753415859	NA	NA
"wind"	"wind"	1992	0	NA	NA	NA	NA	0.123151772124375	NA	4866.72691324402	NA	NA
"wind"	"wind"	1993	0.08	1	0.08	0	NA	0.0391323430894685	NA	5033.44984061581	NA	NA
"wind"	"wind"	1994	6.8	1	6.8	0	NA	0.0363077118214104	NA	5194.52631627396	NA	NA
"wind"	"wind"	1995	0	NA	NA	NA	NA	0.112281762019876	NA	5349.95634021848	NA	NA
"wind"	"wind"	1996	0	NA	NA	NA	NA	0.181251678753693	NA	5499.73991244936	NA	NA
"wind"	"wind"	1997	6.05	1	6.05	0	NA	0.0666842935804459	NA	5643.87703296661	NA	NA
"wind"	"wind"	1998	0	NA	NA	NA	NA	0.033981332258931	NA	5782.36770177022	NA	NA
"wind"	"wind"	1999	16.79	10	1.679	0	NA	0.0220420359924792	NA	5915.2119188602	NA	NA
"wind"	"wind"	2000	3.3	5	0.66	0	NA	NA	NA	6042.40968423654	NA	NA
"wind"	"wind"	2001	1469.94	74	19.8640540540541	0	NA	0.218743266997204	NA	6163.96099789925	NA	NA
"wind"	"wind"	2002	682.2	17	40.1294117647059	0	NA	0.28229911271104	NA	6279.86585984832	NA	NA
"wind"	"wind"	2003	1536.47	43	35.7318604651163	0	NA	0.247429716103807	NA	6390.12427008375	NA	NA
"wind"	"wind"	2004	386.45	14	27.6035714285714	0	NA	0.222023217470676	NA	6494.73622860555	NA	NA
"wind"	"wind"	2005	2146.17	28	76.6489285714286	0	NA	0.244047872220331	NA	6593.70173541371	NA	NA
"wind"	"wind"	2006	2641.35	53	49.8367924528302	0	NA	0.249288515241126	NA	6687.02079050824	NA	NA
"wind"	"wind"	2007	5193.2	48	108.191666666667	0	7127.05249285917	0.25579466885593	NA	6774.69339388913	NA	NA
"wind"	"wind"	2008	8089.7	101	80.0960396039604	0	6211.98986798927	0.260977008557793	NA	6856.71954555639	NA	NA
"wind"	"wind"	2009	9410.3	120	78.4191666666667	0	7087.64238292154	0.244801727729572	NA	6933.09924551001	NA	NA
"wind"	"wind"	2010	4545.2	69	65.8724637681159	0	7071.00355914868	0.263330958703639	NA	7003.83249375	NA	NA
"wind"	"wind"	2011	6192.4	91	68.0483516483516	0	7153.58609490383	0.277400869541024	NA	7068.91929027635	NA	NA
"wind"	"wind"	2012	12884.8	149	86.4751677852349	0	7197.30553983525	0.263578440719429	NA	7128.35963508906	NA	NA
"wind"	"wind"	2013	859.1	22	39.05	0	7150.7257287734	0.291637288842353	NA	7182.15352818814	NA	NA
"wind"	"wind"	2014	4594.5	50	91.89	0	7178.77243540152	0.299390265228281	NA	7230.30096957358	NA	NA
